code,illustrator,rarity,subpack,pack,name,generation,pokedex_number,romaji_name,japanese_name,rarity_num,HP
A4 004,OOYAMA,◇,Hooh,Wisdom of Sea and Sky,Tangela,1.0,114.0,Monjara,モンジャラ,1.0,80
A4 005,tetsuya koizumi,◇◇◇,Hooh,Wisdom of Sea and Sky,Tangrowth,4.0,465.0,Mojumbo,モジャンボ,3.0,130
A4 013,Mekayu,◇,Hooh,Wisdom of Sea and Sky,Hoppip,2.0,187.0,Hanecco,ハネッコ,1.0,50
A4 014,Kyoko Umemoto,◇◇,Hooh,Wisdom of Sea and Sky,Skiploom,2.0,188.0,Popocco,ポポッコ,2.0,70
A4 015,Kagemaru Himeno,◇◇◇,Hooh,Wisdom of Sea and Sky,Jumpluff,2.0,189.0,Watacco,ワタッコ,3.0,120
A4 022,Naoki Saito,◇◇◇,Hooh,Wisdom of Sea and Sky,Heracross,2.0,214.0,Heracros,ヘラクロス,3.0,90
A4 030,Mekayu,◇,Hooh,Wisdom of Sea and Sky,Slugma,2.0,218.0,Magmag,マグマッグ,1.0,70
A4 031,Shigenori Negishi,◇◇,Hooh,Wisdom of Sea and Sky,Magcargo,2.0,219.0,Magcargot,マグカルゴ,2.0,120
A4 032,Yukiko Baba,◇◇◇,Hooh,Wisdom of Sea and Sky,Magby,2.0,240.0,Buby,ブビィ,3.0,30
A4 033,kodama,◇◇◇,Hooh,Wisdom of Sea and Sky,Entei,2.0,244.0,Entei,エンテイ,3.0,110
A4 034,PLANETA CG Works,◇◇◇,Hooh,Wisdom of Sea and Sky,Ho-Oh ex,2.0,250.0,Houou,ホウオウ,3.0,150
A4 046,kawayoo,◇,Hooh,Wisdom of Sea and Sky,Totodile,2.0,158.0,Waninoko,ワニノコ,1.0,6%
A4 047,Naoki Saito,◇◇,Hooh,Wisdom of Sea and Sky,Croconaw,2.0,159.0,Alligates,アリゲイツ,2.0,90
A4 048,nagimiso,◇◇◇,Hooh,Wisdom of Sea and Sky,Feraligatr,2.0,160.0,Ordile,オーダイル,3.0,150
A4 049,Atsuko Nishida,◇,Hooh,Wisdom of Sea and Sky,Marill,2.0,183.0,Maril,マリル,1.0,60
A4 050,Naoyo Kimura,◇◇,Hooh,Wisdom of Sea and Sky,Azumarill,2.0,184.0,Marilli,マリルリ,2.0,110
A4 057,Narumi Sato,◇◇,Hooh,Wisdom of Sea and Sky,Delibird,2.0,225.0,Delibird,デリバード,2.0,70
A4 062,MAHOU,◇,Hooh,Wisdom of Sea and Sky,Ducklett,5.0,580.0,Koaruhie,コアルヒー,1.0,60
A4 063,chibi,◇◇,Hooh,Wisdom of Sea and Sky,Swanna,5.0,581.0,Swanna,スワンナ,2.0,80
A4 071,Kazumasa Yasukuni,◇◇◇,Hooh,Wisdom of Sea and Sky,Raikou,2.0,243.0,Raikou,ライコウ,3.0,90
A4 075,Sumiyoshi Kizuki,◇◇◇,Hooh,Wisdom of Sea and Sky,Smoochum,2.0,238.0,Muchul,ムチュール,3.0,30
A4 078,Sekio,◇,Hooh,Wisdom of Sea and Sky,Togepi,2.0,175.0,Togepy,トゲピー,1.0,60
A4 079,Atsuko Nishida,◇◇,Hooh,Wisdom of Sea and Sky,Togetic,2.0,176.0,Togechick,トゲチック,2.0,90
A4 080,sui,◇◇◇,Hooh,Wisdom of Sea and Sky,Togekiss,4.0,468.0,Togekiss,トゲキッス,3.0,140
A4 084,OKUBO,◇◇◇,Hooh,Wisdom of Sea and Sky,Unown,2.0,201.0,Unknown,アンノーン,3.0,60
A4 087,Miki Tanaka,◇,Hooh,Wisdom of Sea and Sky,Girafarig,2.0,203.0,Kirinriki,キリンリキ,1.0,80
A4 092,KEIICHIRO ITO,◇,Hooh,Wisdom of Sea and Sky,Onix,1.0,95.0,Iwark,イワーク,1.0,100
A4 094,Mina Nakai,◇,Hooh,Wisdom of Sea and Sky,Gligar,2.0,207.0,Gliger,グライガー,1.0,60
A4 095,Shiburingaru,◇◇,Hooh,Wisdom of Sea and Sky,Gliscor,4.0,472.0,Glion,グライオン,2.0,100
A4 096,Yukiko Baba,◇,Hooh,Wisdom of Sea and Sky,Swinub,2.0,220.0,Urimoo,ウリムー,1.0,70
A4 097,Midori Harada,◇◇,Hooh,Wisdom of Sea and Sky,Piloswine,2.0,221.0,Inomoo,イノムー,2.0,100
A4 098,Uta,◇◇◇,Hooh,Wisdom of Sea and Sky,Mamoswine,2.0,222.0,Mammoo,マンムー,3.0,160
A4 099,Midori Harada,◇,Hooh,Wisdom of Sea and Sky,Phanpy,2.0,231.0,Gomazou,ゴマゾウ,1.0,70
A4 100,PLANETA Yamashita,◇◇◇,Hooh,Wisdom of Sea and Sky,Donphan ex,2.0,232.0,Donfan,ドンファン,3.0,160
A4 101,Mina Nakai,◇◇◇,Hooh,Wisdom of Sea and Sky,Tyrogue,2.0,236.0,Balkie,バルキー,3.0,30
A4 103,Naoyo Kimura,◇,Hooh,Wisdom of Sea and Sky,Larvitar,2.0,246.0,Yogiras,ヨーギラス,1.0,60
A4 104,Sekio,◇◇,Hooh,Wisdom of Sea and Sky,Pupitar,2.0,247.0,Sanagiras,サナギラス,2.0,80
A4 107,Shigenori Negishi,◇,Hooh,Wisdom of Sea and Sky,Zubat,1.0,41.0,Zubat,ズバット,1.0,50
A4 108,kawayoo,◇◇,Hooh,Wisdom of Sea and Sky,Golbat,1.0,42.0,Golbat,ゴルバット,2.0,70
A4 109,PLANETA CG Works,◇◇◇◇,Hooh,Wisdom of Sea and Sky,Crobat ex,2.0,169.0,Crobat,クロバット,4.0,170
A4 110,Sachiko Adachi,◇,Hooh,Wisdom of Sea and Sky,Spinarak,2.0,167.0,Itomaru,イトマル,1.0,60
A4 111,Shinji Kanda,◇◇,Hooh,Wisdom of Sea and Sky,Ariados,2.0,168.0,Ariados,アリアドス,2.0,80
A4 112,PLANETA CG Works,◇◇◇◇,Hooh,Wisdom of Sea and Sky,Umbreon ex,2.0,197.0,Blacky,ブラッキー,4.0,140
A4 119,Hasuno,◇◇◇,Hooh,Wisdom of Sea and Sky,Tyranitar,2.0,248.0,Bangiras,バンギラス,3.0,160
A4 122,KEIICHIRO ITO,◇◇◇,Hooh,Wisdom of Sea and Sky,Steelix,2.0,208.0,Haganeil,ハガネール,3.0,150
A4 124,PLANETA Yamashita,◇◇◇◇,Hooh,Wisdom of Sea and Sky,Skarmory ex,2.0,227.0,Airmd,エアームド,4.0,140
A4 126,Akira Komayama,◇,Hooh,Wisdom of Sea and Sky,Klink,5.0,599.0,Giaru,ギアル,1.0,60
A4 127,Akira Komayama,◇◇,Hooh,Wisdom of Sea and Sky,Klang,5.0,600.0,Gigiaru,ギギアル,2.0,40
A4 128,Akira Komayama,◇◇◇,Hooh,Wisdom of Sea and Sky,Klinklang,5.0,601.0,Gigigiaru,ギギギアル,3.0,70
A4 129,Shin Nagasawa,◇,Hooh,Wisdom of Sea and Sky,Spearow,1.0,21.0,Onisuzume,オニスズメ,1.0,70
A4 130,Shin Nagasawa,◇,Hooh,Wisdom of Sea and Sky,Fearow,1.0,22.0,Onidrill,オニドリル,1.0,90
A4 131,miki kudo,◇,Hooh,Wisdom of Sea and Sky,Chansey,1.0,113.0,Lucky,ラッキー,1.0,100
A4 132,Mizue,◇◇◇,Hooh,Wisdom of Sea and Sky,Blissey,2.0,242.0,Happinas,ハピナス,3.0,150
A4 133,Toshinao Aoki,◇◇◇,Hooh,Wisdom of Sea and Sky,Kangaskhan,1.0,115.0,Garura,ガルーラ,3.0,100
A4 138,Mina Nakai,◇,Hooh,Wisdom of Sea and Sky,Sentret,2.0,161.0,Otachi,オタチ,1.0,60
A4 139,tetsuya koizumi,◇,Hooh,Wisdom of Sea and Sky,Furret,2.0,162.0,Ootachi,オオタチ,1.0,90
A4 140,Yumi,◇,Hooh,Wisdom of Sea and Sky,Hoothoot,2.0,163.0,Hoho,ホーホー,1.0,50
A4 141,Nisota Niso,◇,Hooh,Wisdom of Sea and Sky,Noctowl,2.0,164.0,Yorunozuku,ヨルノズク,1.0,100
A4 145,Mizue,◇,Hooh,Wisdom of Sea and Sky,Teddiursa,2.0,216.0,Himeguma,ヒメグマ,1.0,60
A4 146,Kouki Saitou,◇◇,Hooh,Wisdom of Sea and Sky,Ursaring,2.0,217.0,Ringuma,リングマ,2.0,120
A4 147,sui,◇◇,Hooh,Wisdom of Sea and Sky,Stantler,2.0,234.0,Odoshishi,オドシシ,2.0,80
A4 153,Studio Bora Inc.,◇◇,Hooh,Wisdom of Sea and Sky,Steel Apron,,,Haganenomaekake,鋼鉄のまえかけ,2.0,
A4 154,Toyste Beach,◇◇,Hooh,Wisdom of Sea and Sky,Dark Pendant,,,Darkpendant,ダークペンダント,2.0,
A4 158,Hideki Ishikawa,◇◇,Hooh,Wisdom of Sea and Sky,Silver,,,Silver,シルバー,2.0,
A4 160,En Morikura,◇◇,Hooh,Wisdom of Sea and Sky,Jasmine,,,Mikan,ミカン,2.0,
A4 161,Hitoshi Ariga,◇◇,Hooh,Wisdom of Sea and Sky,Hiker,,,Yamaotoko,やまおとこ,2.0,
A4 164,GOSSAN,☆,Hooh,Wisdom of Sea and Sky,Heracross,2.0,214.0,Heracros,ヘラクロス,5.0,90
A4 166,Makura Tami,☆,Hooh,Wisdom of Sea and Sky,Magby,2.0,240.0,Buby,ブビィ,5.0,30
A4 167,Ayako Ozaki,☆,Hooh,Wisdom of Sea and Sky,Totodile,2.0,158.0,Waninoko,ワニノコ,5.0,60
A4 170,Mekayu,☆,Hooh,Wisdom of Sea and Sky,Delibird,2.0,225.0,Delibird,デリバード,5.0,70
A4 173,Terada Tera,☆,Hooh,Wisdom of Sea and Sky,Togepi,2.0,175.0,Togepy,トゲピー,5.0,60
A4 176,HYOGONOSUKE,☆,Hooh,Wisdom of Sea and Sky,Gligar,2.0,207.0,Gliger,グライガー,5.0,60
A4 177,IKEDA Saki,☆,Hooh,Wisdom of Sea and Sky,Spinarak,2.0,167.0,Itomaru,イトマル,5.0,60
A4 179,Saboteri,☆,Hooh,Wisdom of Sea and Sky,Tyranitar,2.0,248.0,Bangiras,バンギラス,5.0,160
A4 181,saino misaki,☆,Hooh,Wisdom of Sea and Sky,Sentret,2.0,161.0,Otachi,オタチ,5.0,60
A4 182,Uninori,☆,Hooh,Wisdom of Sea and Sky,Hoothoot,2.0,163.0,Hoho,ホーホー,5.0,50
A4 183,Noriaki Tanimura,☆,Hooh,Wisdom of Sea and Sky,Stantler,2.0,234.0,Odoshishi,オドシシ,5.0,80
A4 185,MINAMINAMI Take,☆,Hooh,Wisdom of Sea and Sky,Blissey,2.0,242.0,Happinas,ハピナス,5.0,150
A4 187,PLANETA CG Works,☆☆,Hooh,Wisdom of Sea and Sky,Ho-Oh ex,2.0,250.0,Houou,ホウオウ,6.0,150
A4 191,PLANETA Yamashita,☆☆,Hooh,Wisdom of Sea and Sky,Donphan ex,2.0,232.0,Donfan,ドンファン,6.0,160
A4 192,PLANETA Mochizuki,☆☆,Hooh,Wisdom of Sea and Sky,Crobat ex,2.0,169.0,Crobat,クロバット,6.0,170
A4 193,PLANETA CG Works,☆☆,Hooh,Wisdom of Sea and Sky,Umbreon ex,2.0,197.0,Blacky,ブラッキー,6.0,140
A4 194,PLANETA Igarashi,☆☆,Hooh,Wisdom of Sea and Sky,Skarmory ex,2.0,227.0,Airmd,エアームド,6.0,140
A4 198,Teeziro,☆☆,Hooh,Wisdom of Sea and Sky,Silver,,,Silver,シルバー,6.0,
A4 200,En Morikura,☆☆,Hooh,Wisdom of Sea and Sky,Jasmine,,,Mikan,ミカン,6.0,
A4 201,Hideki Ishikawa,☆☆,Hooh,Wisdom of Sea and Sky,Hiker,,,Yamaotoko,やまおとこ,6.0,
A4 206,Yuriko Akase,☆☆,Hooh,Wisdom of Sea and Sky,Donphan ex,2.0,232.0,Donfan,ドンファン,6.0,160
A4 207,Shinji Kanda,☆☆,Hooh,Wisdom of Sea and Sky,Crobat ex,2.0,169.0,Crobat,クロバット,6.0,170
A4 208,AKIRA EGAWA,☆☆,Hooh,Wisdom of Sea and Sky,Umbreon ex,2.0,197.0,Blacky,ブラッキー,6.0,140
A4 209,toriyufu,☆☆,Hooh,Wisdom of Sea and Sky,Skarmory ex,2.0,227.0,Airmd,エアームド,6.0,140
A4 210,SIE NANAHARA,☆☆☆,Hooh,Wisdom of Sea and Sky,Ho-Oh ex,2.0,250.0,Houou,ホウオウ,7.0,150
A4 212,MAHOU,✸,Hooh,Wisdom of Sea and Sky,Yanma,2.0,193.0,Yanyanma,ヤンヤンマ,8.0,60
A4 213,Souichirou Gunjima,✸,Hooh,Wisdom of Sea and Sky,Flareon,1.0,136.0,Booster,ブースター,8.0,110
A4 220,MAHOU,✸,Hooh,Wisdom of Sea and Sky,Misdreavus,2.0,200.0,Muma,ムウマ,8.0,60
A4 221,MAHOU,✸,Hooh,Wisdom of Sea and Sky,Mankey,1.0,56.0,Mankey,マンキー,8.0,50
A4 222,MAHOU,✸,Hooh,Wisdom of Sea and Sky,Primeape,1.0,57.0,Okorizaru,オコリザル,8.0,90
A4 226,Souichirou Gunjima,✸,Hooh,Wisdom of Sea and Sky,Nidoran♂,1.0,32.0,Nidoran♂ニドラン♂,,8.0,60
A4 227,Souichirou Gunjima,✸,Hooh,Wisdom of Sea and Sky,Nidorino,1.0,33.0,Nidorino,ニドリーノ,8.0,90
A4 228,Souichirou Gunjima,✸,Hooh,Wisdom of Sea and Sky,Nidoking,1.0,34.0,Nidoking,ニドキング,8.0,150
A4 230,MAHOU,✸,Hooh,Wisdom of Sea and Sky,Lickitung,1.0,108.0,Beroringa,ベロリンガ,8.0,80
A4 231,MAHOU,✸,Hooh,Wisdom of Sea and Sky,Eevee,1.0,133.0,Eievui,イーブイ,8.0,60
A4 232,PLANETA Tsuji,✸✸,Hooh,Wisdom of Sea and Sky,Yanmega ex,4.0,469.0,Megayanma,メガヤンマ,9.0,140
A4 233,PLANETA CG Works,✸✸,Hooh,Wisdom of Sea and Sky,Leafeon ex,4.0,470.0,Leafia,リーフィア,9.0,140
A4 237,PLANETA Tsuji,✸✸,Hooh,Wisdom of Sea and Sky,Mismagius ex,4.0,429.0,Mumargi,ムウマージ,9.0,140
A4 239,PLANETA Tsuji,✸✸,Hooh,Wisdom of Sea and Sky,Lickilicky ex,4.0,463.0,Berobelt,ベロベルト,9.0,160
A4 001,ryoma uratsuka,◇,Lugia,Wisdom of Sea and Sky,Oddish,1.0,43.0,Nazonokusa,ナゾノクサ,1.0,50
A4 002,Kyoko Umemoto,◇◇,Lugia,Wisdom of Sea and Sky,Gloom,1.0,44.0,Kusaihana,クサイハナ,2.0,80
A4 003,Nagomi Nijo,◇◇◇,Lugia,Wisdom of Sea and Sky,Bellossom,2.0,182.0,Kireihana,キレイハナ,3.0,130
A4 006,Narumi Sato,◇,Lugia,Wisdom of Sea and Sky,Scyther,1.0,123.0,Strike,ストライク,1.0,70
A4 007,Toshinao Aoki,◇,Lugia,Wisdom of Sea and Sky,Pinsir,1.0,127.0,Kailios,カイロス,1.0,90
A4 008,Naoyo Kimura,◇,Lugia,Wisdom of Sea and Sky,Chikorita,2.0,152.0,Chicorita,チコリータ,1.0,60
A4 009,Mizue,◇◇,Lugia,Wisdom of Sea and Sky,Bayleef,2.0,153.0,Bayleaf,ベイリーフ,2.0,90
A4 010,Hajime Kusajima,◇◇◇,Lugia,Wisdom of Sea and Sky,Meganium,2.0,154.0,Meganium,メガニウム,3.0,150
A4 011,Sumiyoshi Kizuki,◇,Lugia,Wisdom of Sea and Sky,Ledyba,2.0,165.0,Rediba,レディバ,1.0,60
A4 012,Hitoshi Ariga,◇,Lugia,Wisdom of Sea and Sky,Ledian,2.0,166.0,Redian,レディアン,1.0,80
A4 021,PLANETA Mochizuki,◇◇◇◇,Lugia,Wisdom of Sea and Sky,Shuckle ex,2.0,213.0,Tsubotsubo,ツボツボ,4.0,120
A4 025,Shibuzoh.,◇,Lugia,Wisdom of Sea and Sky,Vulpix,1.0,37.0,Rokon,ロコン,1.0,60
A4 026,AKIRA EGAWA,◇◇◇,Lugia,Wisdom of Sea and Sky,Ninetales,1.0,38.0,Kyukon,キュウコン,3.0,100
A4 027,kirisAki,◇,Lugia,Wisdom of Sea and Sky,Cyndaquil,2.0,155.0,Hinoarashi,ヒノアラシ,1.0,60
A4 028,Shin Nagasawa,◇◇,Lugia,Wisdom of Sea and Sky,Quilava,2.0,156.0,Magmarashi,マグマラシ,2.0,80
A4 029,Hideki Ishikawa,◇◇◇,Lugia,Wisdom of Sea and Sky,Typhlosion,2.0,157.0,Bakphoon,バクフーン,3.0,140
A4 038,Asako Ito,◇,Lugia,Wisdom of Sea and Sky,Poliwag,1.0,60.0,Nyoromo,ニョロモ,1.0,60
A4 039,Scav,◇◇,Lugia,Wisdom of Sea and Sky,Poliwhirl,1.0,61.0,Nyorozo,ニョロゾ,2.0,90
A4 040,Masakazu Fukuda,◇◇◇,Lugia,Wisdom of Sea and Sky,Politoed,2.0,186.0,Nyorotono,ニョロトノ,3.0,140
A4 041,Yukiko Baba,◇,Lugia,Wisdom of Sea and Sky,Horsea,1.0,116.0,Tattu,タッツー,1.0,50
A4 042,sui,◇◇,Lugia,Wisdom of Sea and Sky,Seadra,1.0,117.0,Seadra,シードラ,2.0,80
A4 043,PLANETA CG Works,◇◇◇◇,Lugia,Wisdom of Sea and Sky,Kingdra ex,2.0,230.0,Kingdra,キングドラ,4.0,170
A4 044,Shigenori Negishi,◇,Lugia,Wisdom of Sea and Sky,Magikarp,1.0,129.0,Koiking,コイキング,1.0,30
A4 045,hatachu,◇◇◇,Lugia,Wisdom of Sea and Sky,Gyarados,1.0,130.0,Gyarados,ギャラドス,3.0,130
A4 051,Shibuzoh.,◇,Lugia,Wisdom of Sea and Sky,Wooper,2.0,194.0,Upah,ウパー,1.0,70
A4 052,Kagemaru Himeno,◇◇,Lugia,Wisdom of Sea and Sky,Quagsire,2.0,195.0,Nuoh,ヌオー,2.0,130
A4 053,Shin Nagasawa,◇◇,Lugia,Wisdom of Sea and Sky,Qwilfish,2.0,211.0,Harysen,ハリーセン,2.0,80
A4 054,Mekayu,◇,Lugia,Wisdom of Sea and Sky,Corsola,2.0,222.0,Sunnygo,サニーゴ,1.0,80
A4 055,Suwama Chiaki,◇,Lugia,Wisdom of Sea and Sky,Remoraid,2.0,223.0,Teppouo,テッポウオ,1.0,60
A4 056,Kagemaru Himeno,◇◇◇,Lugia,Wisdom of Sea and Sky,Octillery,2.0,224.0,Okutank,オクタン,3.0,100
A4 058,0313,◇◇,Lugia,Wisdom of Sea and Sky,Mantine,2.0,226.0,Mantain,マンタイン,2.0,100
A4 059,Anesaki Dynamic,◇◇◇,Lugia,Wisdom of Sea and Sky,Suicune,2.0,245.0,Suicune,スイクン,3.0,100
A4 060,chibi,◇,Lugia,Wisdom of Sea and Sky,Corphish,3.0,341.0,Heigani,ヘイガニ,1.0,60
A4 061,Hajime Kusajima,◇◇◇,Lugia,Wisdom of Sea and Sky,Crawdaunt,3.0,342.0,Shizariger,シザリガー,3.0,100
A4 064,Miki Tanaka,◇,Lugia,Wisdom of Sea and Sky,Chinchou,2.0,170.0,Chonchie,チョンチー,1.0,70
A4 065,PLANETA Igarashi,◇◇◇◇,Lugia,Wisdom of Sea and Sky,Lanturn ex,2.0,171.0,Lantern,ランターン,4.0,150
A4 066,Kariya,◇◇◇,Lugia,Wisdom of Sea and Sky,Pichu,2.0,172.0,Pichu,ピチュー,3.0,30
A4 067,0313,◇,Lugia,Wisdom of Sea and Sky,Mareep,2.0,179.0,Merriep,メリープ,1.0,60
A4 068,MAHOU,◇◇,Lugia,Wisdom of Sea and Sky,Flaaffy,2.0,180.0,Mokoko,モココ,2.0,90
A4 069,Kouki Saitou,◇◇◇,Lugia,Wisdom of Sea and Sky,Ampharos,2.0,181.0,Denryu,デンリュウ,3.0,150
A4 070,Miki Tanaka,◇◇◇,Lugia,Wisdom of Sea and Sky,Elekid,2.0,239.0,Elekid,エレキッド,3.0,30
A4 073,Aya Kusube,◇,Lugia,Wisdom of Sea and Sky,Slowpoke,1.0,79.0,Yadon,ヤドン,1.0,70
A4 074,Kagemaru Himeno,◇◇,Lugia,Wisdom of Sea and Sky,Slowking,2.0,199.0,Yadoking,ヤドキング,2.0,110
A4 077,Orca,◇◇◇,Lugia,Wisdom of Sea and Sky,Cleffa,2.0,173.0,Py,ピィ,3.0,30
A4 081,Masakazu Fukuda,◇,Lugia,Wisdom of Sea and Sky,Natu,2.0,177.0,Naty,ネイティ,1.0,50
A4 082,Hajime Kusajima,◇◇◇,Lugia,Wisdom of Sea and Sky,Xatu,2.0,178.0,Natio,ネイティオ,3.0,80
A4 083,PLANETA CG Works,◇◇◇◇,Lugia,Wisdom of Sea and Sky,Espeon ex,2.0,196.0,Eifie,エーフィ,4.0,140
A4 085,Anesaki Dynamic,◇◇◇,Lugia,Wisdom of Sea and Sky,Unown,2.0,201.0,Unknown,アンノーン,3.0,60
A4 086,Masakazu Fukuda,◇,Lugia,Wisdom of Sea and Sky,Wobbuffet,2.0,202.0,Sonans,ソーナンス,1.0,90
A4 105,Saya Tsuruta,◇,Lugia,Wisdom of Sea and Sky,Binacle,6.0,688.0,Kametete,カメテテ,1.0,80
A4 106,Nurikabe,◇◇,Lugia,Wisdom of Sea and Sky,Barbaracle,6.0,689.0,Gamenodes,ガメノデス,2.0,120
A4 113,Sekio,◇,Lugia,Wisdom of Sea and Sky,Murkrow,2.0,198.0,Yamikarasu,ヤミカラス,1.0,60
A4 114,Shiburingaru,◇◇,Lugia,Wisdom of Sea and Sky,Honchkrow,4.0,430.0,Dongkarasu,ドンカラス,2.0,120
A4 115,yuu,◇,Lugia,Wisdom of Sea and Sky,Sneasel,2.0,215.0,Nyula,ニューラ,1.0,60
A4 116,kawayoo,◇◇,Lugia,Wisdom of Sea and Sky,Weavile,4.0,461.0,Manyula,マニューラ,2.0,80
A4 123,Ryuta Fuse,◇◇◇,Lugia,Wisdom of Sea and Sky,Scizor,2.0,212.0,Hassam,ハッサム,3.0,100
A4 135,ryoma uratsuka,◇,Lugia,Wisdom of Sea and Sky,Porygon,1.0,137.0,Porygon,ポリゴン,1.0,60
A4 136,Nagomi Nijo,◇◇,Lugia,Wisdom of Sea and Sky,Porygon2,2.0,233.0,Porygon2,ポリゴン２,2.0,80
A4 137,Tomokazu Komiya,◇◇◇,Lugia,Wisdom of Sea and Sky,Porygon-Z,4.0,474.0,Porygon-z,ポリゴンＺ,3.0,130
A4 148,Sumiyoshi Kizuki,◇◇,Lugia,Wisdom of Sea and Sky,Smeargle,2.0,235.0,Doble,ドーブル,2.0,70
A4 149,PLANETA CG Works,◇◇◇◇,Lugia,Wisdom of Sea and Sky,Lugia ex,2.0,249.0,Lugia,ルギア,4.0,150
A4 151,Toyste Beach,◇◇,Lugia,Wisdom of Sea and Sky,Elemental Switch,,,Elementaltsukekae,エレメンタルつけかえ,2.0
A4 152,AYUMI ODASHIMA,◇◇,Lugia,Wisdom of Sea and Sky,Squirt Bottle,,,Zenigamejouro,ゼニガメじょうろ,2.0
A4 156,GIDORA,◇◇,Lugia,Wisdom of Sea and Sky,Will,,,Itsuki,イツキ,2.0
A4 157,yuu,◇◇,Lugia,Wisdom of Sea and Sky,Lyra,,,Kotone,コトネ,2.0
A4 159,Sanosuke Sakuma,◇◇,Lugia,Wisdom of Sea and Sky,Fisher,,,Tsurihito,釣り人,2.0
A4 162,Keisin,☆,Lugia,Wisdom of Sea and Sky,Chikorita,2.0,152.0,Chicorita,チコリータ,5.0,60
A4 163,Yuka Tanaka,☆,Lugia,Wisdom of Sea and Sky,Bellossom,2.0,182.0,Kireihana,キレイハナ,5.0,130
A4 165,buchi,☆,Lugia,Wisdom of Sea and Sky,Cyndaquil,2.0,155.0,Hinoarashi,ヒノアラシ,5.0,60
A4 168,June,☆,Lugia,Wisdom of Sea and Sky,Qwilfish,2.0,211.0,Harysen,ハリーセン,5.0,80
A4 169,REND,☆,Lugia,Wisdom of Sea and Sky,Octillery,2.0,224.0,Okutank,オクタン,5.0,100
A4 171,Kanami Ogata,☆,Lugia,Wisdom of Sea and Sky,Pichu,2.0,172.0,Pichu,ピチュー,5.0,30
A4 172,Whisker,☆,Lugia,Wisdom of Sea and Sky,Ampharos,2.0,181.0,Denryu,デンリュウ,5.0,150
A4 174,Masako Tomii,☆,Lugia,Wisdom of Sea and Sky,Xatu,2.0,178.0,Natio,ネイティオ,5.0,80
A4 175,GOTO minori,☆,Lugia,Wisdom of Sea and Sky,Wobbuffet,2.0,202.0,Sonans,ソーナンス,5.0,90
A4 178,kamonabe,☆,Lugia,Wisdom of Sea and Sky,Murkrow,2.0,198.0,Yamikarasu,ヤミカラス,5.0,60
A4 180,danciao,☆,Lugia,Wisdom of Sea and Sky,Scizor,2.0,212.0,Hassam,ハッサム,5.0,100
A4 184,MINAMINAMI Take,☆,Lugia,Wisdom of Sea and Sky,Smeargle,2.0,235.0,Doble,ドーブル,5.0,70
A4 186,PLANETA Mochizuki,☆☆,Lugia,Wisdom of Sea and Sky,Shuckle ex,2.0,213.0,Tsubotsubo,ツボツボ,6.0,120
A4 188,PLANETA CG Works,☆☆,Lugia,Wisdom of Sea and Sky,Kingdra ex,2.0,230.0,Kingdra,キングドラ,6.0,170
A4 189,PLANETA Igarashi,☆☆,Lugia,Wisdom of Sea and Sky,Lanturn ex,2.0,171.0,Lantern,ランターン,6.0,150
A4 190,PLANETA CG Works,☆☆,Lugia,Wisdom of Sea and Sky,Espeon ex,2.0,196.0,Eifie,エーフィ,6.0,140
A4 195,PLANETA CG Works,☆☆,Lugia,Wisdom of Sea and Sky,Lugia ex,2.0,249.0,Lugia,ルギア,6.0,150
A4 196,GIDORA,☆☆,Lugia,Wisdom of Sea and Sky,Will,,,Itsuki,イツキ,6.0
A4 197,yuu,☆☆,Lugia,Wisdom of Sea and Sky,Lyra,,,Kotone,コトネ,6.0
A4 199,Sanosuke Sakuma,☆☆,Lugia,Wisdom of Sea and Sky,Fisher,,,Tsurihito,釣り人,6.0
A4 202,Yoshimi Miyoshi,☆☆,Lugia,Wisdom of Sea and Sky,Shuckle ex,2.0,213.0,Tsubotsubo,ツボツボ,6.0,120
A4 203,Takumi Wada,☆☆,Lugia,Wisdom of Sea and Sky,Kingdra ex,2.0,230.0,Kingdra,キングドラ,6.0,170
A4 204,Fujimoto Gold,☆☆,Lugia,Wisdom of Sea and Sky,Lanturn ex,2.0,171.0,Lantern,ランターン,6.0,150
A4 205,Taira Akitsu,☆☆,Lugia,Wisdom of Sea and Sky,Espeon ex,2.0,196.0,Eifie,エーフィ,6.0,140
A4 211,SIE NANAHARA,☆☆☆,Lugia,Wisdom of Sea and Sky,Lugia ex,2.0,249.0,Lugia,ルギア,7.0,150
A4 214,Souichirou Gunjima,✸,Lugia,Wisdom of Sea and Sky,Magikarp,1.0,129.0,Koiking,コイキング,8.0,30
A4 215,Souichirou Gunjima,✸,Lugia,Wisdom of Sea and Sky,Gyarados,1.0,130.0,Gyarados,ギャラドス,8.0,130
A4 216,Souichirou Gunjima,✸,Lugia,Wisdom of Sea and Sky,Vaporeon,1.0,134.0,Showers,シャワーズ,8.0,130
A4 217,MAHOU,✸,Lugia,Wisdom of Sea and Sky,Magnemite,1.0,81.0,Coil,コイル,8.0,60
A4 218,MAHOU,✸,Lugia,Wisdom of Sea and Sky,Magneton,1.0,82.0,Rarecoil,レアコイル,8.0,80
A4 219,Souichirou Gunjima,✸,Lugia,Wisdom of Sea and Sky,Jolteon,1.0,135.0,Thunders,サンダース,8.0,90
A4 223,Souichirou Gunjima,✸,Lugia,Wisdom of Sea and Sky,Nidoran ♀,1.0,29.0,Nidoran♀ニドラン♀,,8.0,60
A4 224,Souichirou Gunjima,✸,Lugia,Wisdom of Sea and Sky,Nidorina,1.0,30.0,Nidorina,ニドリーナ,8.0,80
A4 225,Souichirou Gunjima,✸,Lugia,Wisdom of Sea and Sky,Nidoqueen,1.0,31.0,Nidoqueen,ニドクイン,8.0,140
A4 229,MAHOU,✸,Lugia,Wisdom of Sea and Sky,Sneasel,2.0,215.0,Nyula,ニューラ,8.0,60
A4 234,PLANETA CG Works,✸✸,Lugia,Wisdom of Sea and Sky,Gyarados ex,1.0,130.0,Gyarados,ギャラドス,9.0,180
A4 235,PLANETA CG Works,✸✸,Lugia,Wisdom of Sea and Sky,Glaceon ex,4.0,471.0,Glacia,グレイシア,9.0,140
A4 236,PLANETA Tsuji,✸✸,Lugia,Wisdom of Sea and Sky,Pachirisu ex,4.0,417.0,Pachirisu,パチリス,9.0,120
A4 238,PLANETA CG Works,✸✸,Lugia,Wisdom of Sea and Sky,Weavile ex,4.0,461.0,Manyula,マニューラ,9.0,140
A4 016,0313,◇,Hooh;Lugia,Wisdom of Sea and Sky,Sunkern,2.0,191.0,Himanuts,ヒマナッツ,1.0,40
A4 017,Yumi,◇◇,Hooh;Lugia,Wisdom of Sea and Sky,Sunflora,2.0,192.0,Kimawari,キマワリ,2.0,90
A4 018,Tomokazu Komiya,◇,Hooh;Lugia,Wisdom of Sea and Sky,Yanma,2.0,193.0,Yanyanma,ヤンヤンマ,1.0,60
A4 019,Uta,◇◇,Hooh;Lugia,Wisdom of Sea and Sky,Yanmega,4.0,469.0,Megayanma,メガヤンマ,2.0,90
A4 020,Suwama Chiaki,◇,Hooh;Lugia,Wisdom of Sea and Sky,Pineco,2.0,204.0,Kunugidama,クヌギダマ,1.0,60
A4 023,Saya Tsuruta,◇,Hooh;Lugia,Wisdom of Sea and Sky,Cherubi,4.0,420.0,Cherinbo,チェリンボ,1.0,50
A4 024,Atsuko Nishida,◇◇,Hooh;Lugia,Wisdom of Sea and Sky,Cherrim,4.0,421.0,Cherrim,チェリム,2.0,80
A4 035,Yuka Morii,◇,Hooh;Lugia,Wisdom of Sea and Sky,Darumaka,5.0,554.0,Darumakka,ダルマッカ,1.0,70
A4 036,Naoki Saito,◇◇,Hooh;Lugia,Wisdom of Sea and Sky,Darmanitan,5.0,555.0,Hihidaruma,ヒヒダルマ,2.0,120
A4 037,match,◇,Hooh;Lugia,Wisdom of Sea and Sky,Heatmor,5.0,631.0,Kuitaran,クイタラン,1.0,90
A4 072,Saya Tsuruta,◇,Hooh;Lugia,Wisdom of Sea and Sky,Emolga,5.0,587.0,Emonga,エモンガ,1.0,70
A4 076,Midori Harada,◇,Hooh;Lugia,Wisdom of Sea and Sky,Jynx,1.0,124.0,Rougela,ルージュラ,1.0,80
A4 088,Akira Komayama,◇,Hooh;Lugia,Wisdom of Sea and Sky,Snubbull,2.0,209.0,Bulu,ブルー,1.0,60
A4 089,Suwama Chiaki,◇◇,Hooh;Lugia,Wisdom of Sea and Sky,Granbull,2.0,210.0,Granbulu,グランブル,2.0,120
A4 090,miki kudo,◇,Hooh;Lugia,Wisdom of Sea and Sky,Munna,5.0,517.0,Munna,ムンナ,1.0,70
A4 091,MAHOU,◇◇,Hooh;Lugia,Wisdom of Sea and Sky,Musharna,5.0,518.0,Musharna,ムシャーナ,2.0,110
A4 093,AKIRA EGAWA,◇,Hooh;Lugia,Wisdom of Sea and Sky,Sudowoodo,2.0,185.0,Usokkie,ウソッキー,1.0,90
A4 102,Hisao Nakamura,◇,Hooh;Lugia,Wisdom of Sea and Sky,Hitmontop,2.0,237.0,Kapoerer,カポエラー,1.0,80
A4 117,Sumiyoshi Kizuki,◇,Hooh;Lugia,Wisdom of Sea and Sky,Houndour,2.0,228.0,Delvil,デルビル,1.0,60
A4 118,Shin Nagasawa,◇◇,Hooh;Lugia,Wisdom of Sea and Sky,Houndoom,2.0,229.0,Hellgar,ヘルガー,2.0,110
A4 120,kodama,◇◇,Hooh;Lugia,Wisdom of Sea and Sky,Absol,3.0,359.0,Absol,アブソル,2.0,80
A4 121,Tomokazu Komiya,◇◇,Hooh;Lugia,Wisdom of Sea and Sky,Forretress,2.0,205.0,Foretos,フォレトス,2.0,130
A4 125,Kouki Saitou,◇,Hooh;Lugia,Wisdom of Sea and Sky,Mawile,3.0,303.0,Kucheat,クチート,1.0,70
A4 134,sowsow,◇,Hooh;Lugia,Wisdom of Sea and Sky,Eevee,1.0,133.0,Eievui,イーブイ,1.0,60
A4 142,Naoyo Kimura,◇,Hooh;Lugia,Wisdom of Sea and Sky,Aipom,2.0,190.0,Eipam,エイパム,1.0,50
A4 143,Atsushi Furusawa,◇◇,Hooh;Lugia,Wisdom of Sea and Sky,Ambipom,4.0,424.0,Eteboth,エテボース,2.0,100
A4 144,Kazuma Koda,◇,Hooh;Lugia,Wisdom of Sea and Sky,Dunsparce,2.0,206.0,Nokocchi,ノコッチ,1.0,50
A4 150,nagimiso,◇◇,Hooh;Lugia,Wisdom of Sea and Sky,Bouffalant,5.0,626.0,Buffron,バッフロン,2.0,100
A4 155,Ryo Ueda,,Hooh;Lugia,Wisdom of Sea and Sky,Rescue Scarf,,,Rescuescarf,レスキュースカーフ,
A4 240,PLANETA CG Works,♛,Hooh;Lugia,Wisdom of Sea and Sky,Ho-Oh ex,2.0,250.0,Houou,ホウオウ,10.0,150
A4 241,PLANETA CG Works,♛,Hooh;Lugia,Wisdom of Sea and Sky,Lugia ex,2.0,249.0,Lugia,ルギア,10.0,150
